,id,vid,url
0,105222,rzxVluau83Q,https://www.youtube.com/watch?v=rzxVluau83Q
1,105222,2uDeIqlNWaE,https://www.youtube.com/watch?v=2uDeIqlNWaE
2,105222,xDMGRE3YZFY,https://www.youtube.com/watch?v=xDMGRE3YZFY
3,105222,0mnuAqJCg5c,https://www.youtube.com/watch?v=0mnuAqJCg5c
4,105222,W3-Nf-QgfaI,https://www.youtube.com/watch?v=W3-Nf-QgfaI
5,105222,9SUcLzYq5xc,https://www.youtube.com/watch?v=9SUcLzYq5xc
6,105222,bo355kAfADM,https://www.youtube.com/watch?v=bo355kAfADM
7,105222,g29-ltho-Ig,https://www.youtube.com/watch?v=g29-ltho-Ig
8,105222,9-GieozYn7Q,https://www.youtube.com/watch?v=9-GieozYn7Q
9,105222,L76HCE16ivU,https://www.youtube.com/watch?v=L76HCE16ivU
10,105222,g3HNsRMt6XQ,https://www.youtube.com/watch?v=g3HNsRMt6XQ
11,105222,LBjtPtJt3vg,https://www.youtube.com/watch?v=LBjtPtJt3vg
12,105222,ZkB3U7tKQbE,https://www.youtube.com/watch?v=ZkB3U7tKQbE
13,105222,ZgdaPuy35Ao,https://www.youtube.com/watch?v=ZgdaPuy35Ao
14,105222,aQfu4Bgc9Qw,https://www.youtube.com/watch?v=aQfu4Bgc9Qw
15,105222,DLrZYkn8zBU,https://www.youtube.com/watch?v=DLrZYkn8zBU
16,105222,SzuZy5S82as,https://www.youtube.com/watch?v=SzuZy5S82as
17,105222,U74sM8O1wVg,https://www.youtube.com/watch?v=U74sM8O1wVg
18,105222,vUUaTO4oDh8,https://www.youtube.com/watch?v=vUUaTO4oDh8
19,105222,-YtYoSwdUf8,https://www.youtube.com/watch?v=-YtYoSwdUf8
20,105253,EUt-0DS2GGU,https://www.youtube.com/watch?v=EUt-0DS2GGU
21,105253,yFniLOHakvk,https://www.youtube.com/watch?v=yFniLOHakvk
22,105253,JHex_kpeAWo,https://www.youtube.com/watch?v=JHex_kpeAWo
23,105253,WtBh0I9Lmmk,https://www.youtube.com/watch?v=WtBh0I9Lmmk
24,105253,Rz83bdCRoF0,https://www.youtube.com/watch?v=Rz83bdCRoF0
25,105253,60plfq4pOZY,https://www.youtube.com/watch?v=60plfq4pOZY
26,105253,yRBj4z7a-2I,https://www.youtube.com/watch?v=yRBj4z7a-2I
27,105253,ISPAy0OTrq0,https://www.youtube.com/watch?v=ISPAy0OTrq0
28,105253,tJCUQ4IbUjk,https://www.youtube.com/watch?v=tJCUQ4IbUjk
29,105253,goB2cnGHueg,https://www.youtube.com/watch?v=goB2cnGHueg
30,105253,YpFzv-s4b3I,https://www.youtube.com/watch?v=YpFzv-s4b3I
31,105253,9oOKar_uNpc,https://www.youtube.com/watch?v=9oOKar_uNpc
32,105253,S7wF6S5ywo4,https://www.youtube.com/watch?v=S7wF6S5ywo4
33,105253,UXh-Y7jzyTM,https://www.youtube.com/watch?v=UXh-Y7jzyTM
34,105253,mS2Q_nRe7AI,https://www.youtube.com/watch?v=mS2Q_nRe7AI
35,105253,OWwFlJrYhDs,https://www.youtube.com/watch?v=OWwFlJrYhDs
36,105253,h68TQJz8PqY,https://www.youtube.com/watch?v=h68TQJz8PqY
37,105253,EEJJtGswxLE,https://www.youtube.com/watch?v=EEJJtGswxLE
38,105253,WTx0f4z0aAE,https://www.youtube.com/watch?v=WTx0f4z0aAE
39,105253,UGvbb_i91zI,https://www.youtube.com/watch?v=UGvbb_i91zI
40,109972,24cTWScIYlc,https://www.youtube.com/watch?v=24cTWScIYlc
41,109972,fkJVun3NveM,https://www.youtube.com/watch?v=fkJVun3NveM
42,109972,QAKsFGaZ-O0,https://www.youtube.com/watch?v=QAKsFGaZ-O0
43,109972,w4-QneRhfak,https://www.youtube.com/watch?v=w4-QneRhfak
44,109972,ZvuZQzDCGaI,https://www.youtube.com/watch?v=ZvuZQzDCGaI
45,109972,DZsJB5KIuZs,https://www.youtube.com/watch?v=DZsJB5KIuZs
46,109972,E2Vu3O1BB10,https://www.youtube.com/watch?v=E2Vu3O1BB10
47,109972,PCkCp0SbQ5A,https://www.youtube.com/watch?v=PCkCp0SbQ5A
48,109972,ayWPyP5BPYY,https://www.youtube.com/watch?v=ayWPyP5BPYY
49,109972,2Lb_HjJWrJQ,https://www.youtube.com/watch?v=2Lb_HjJWrJQ
50,109972,hhKcPXFJG2Y,https://www.youtube.com/watch?v=hhKcPXFJG2Y
51,109972,rJx94d1cPiA,https://www.youtube.com/watch?v=rJx94d1cPiA
52,109972,IBwBvFlhIaE,https://www.youtube.com/watch?v=IBwBvFlhIaE
53,109972,lJxdpjpgL8s,https://www.youtube.com/watch?v=lJxdpjpgL8s
54,109972,cBirifhqHr4,https://www.youtube.com/watch?v=cBirifhqHr4
55,109972,Zr3D6NKcg_A,https://www.youtube.com/watch?v=Zr3D6NKcg_A
56,109972,tGEIOZKTrOE,https://www.youtube.com/watch?v=tGEIOZKTrOE
57,109972,7ryvdJPshvI,https://www.youtube.com/watch?v=7ryvdJPshvI
58,109972,D5H_tIkk0uQ,https://www.youtube.com/watch?v=D5H_tIkk0uQ
59,109972,9kcyxgfPQKs,https://www.youtube.com/watch?v=9kcyxgfPQKs
60,113766,2DpvnVh8MBo,https://www.youtube.com/watch?v=2DpvnVh8MBo
61,113766,WrHdbhtJNfA,https://www.youtube.com/watch?v=WrHdbhtJNfA
62,113766,Dk3DPGB8mwM,https://www.youtube.com/watch?v=Dk3DPGB8mwM
63,113766,AS8K9Oa43EQ,https://www.youtube.com/watch?v=AS8K9Oa43EQ
64,113766,bQBNnsExUlg,https://www.youtube.com/watch?v=bQBNnsExUlg
65,113766,p9qgGach0QQ,https://www.youtube.com/watch?v=p9qgGach0QQ
66,113766,po0aE0MpdVE,https://www.youtube.com/watch?v=po0aE0MpdVE
67,113766,dqtuZebQ_ks,https://www.youtube.com/watch?v=dqtuZebQ_ks
68,113766,dl91S-X_VJs,https://www.youtube.com/watch?v=dl91S-X_VJs
69,113766,MdHpekvJM-Y,https://www.youtube.com/watch?v=MdHpekvJM-Y
70,113766,aY16eSniUmk,https://www.youtube.com/watch?v=aY16eSniUmk
71,113766,fAEZKPOcI5Y,https://www.youtube.com/watch?v=fAEZKPOcI5Y
72,113766,70jQPy4UQ9M,https://www.youtube.com/watch?v=70jQPy4UQ9M
73,113766,p0fXV5lWjkQ,https://www.youtube.com/watch?v=p0fXV5lWjkQ
74,113766,WV_MNL8Hw2g,https://www.youtube.com/watch?v=WV_MNL8Hw2g
75,113766,KuTk1TvkDgk,https://www.youtube.com/watch?v=KuTk1TvkDgk
76,113766,maUjmMScyz4,https://www.youtube.com/watch?v=maUjmMScyz4
77,113766,MQ7C3vYCD48,https://www.youtube.com/watch?v=MQ7C3vYCD48
78,113766,vB16Dbjz8oo,https://www.youtube.com/watch?v=vB16Dbjz8oo
79,113766,Sm-Er9tMi8g,https://www.youtube.com/watch?v=Sm-Er9tMi8g
80,16815,8BE0xJKczT0,https://www.youtube.com/watch?v=8BE0xJKczT0
81,16815,eCZEq7pAHUE,https://www.youtube.com/watch?v=eCZEq7pAHUE
82,16815,GnvLqIoKzgw,https://www.youtube.com/watch?v=GnvLqIoKzgw
83,16815,-SPMxbd7Wtc,https://www.youtube.com/watch?v=-SPMxbd7Wtc
84,16815,vhmn4fZBlag,https://www.youtube.com/watch?v=vhmn4fZBlag
85,16815,iCiFu6ooYaM,https://www.youtube.com/watch?v=iCiFu6ooYaM
86,16815,yqXIrSVQ3ts,https://www.youtube.com/watch?v=yqXIrSVQ3ts
87,16815,Yy1tTVoFGE8,https://www.youtube.com/watch?v=Yy1tTVoFGE8
88,16815,IbexW-c9UwY,https://www.youtube.com/watch?v=IbexW-c9UwY
89,16815,wTVrCbaQM5Y,https://www.youtube.com/watch?v=wTVrCbaQM5Y
90,16815,Y-d4aaqI12c,https://www.youtube.com/watch?v=Y-d4aaqI12c
91,16815,1JhYkWZPzZE,https://www.youtube.com/watch?v=1JhYkWZPzZE
92,16815,JYTJPftR50I,https://www.youtube.com/watch?v=JYTJPftR50I
93,16815,mmMPM--NhU8,https://www.youtube.com/watch?v=mmMPM--NhU8
94,16815,YRCHn2mxPhs,https://www.youtube.com/watch?v=YRCHn2mxPhs
95,16815,MMS2fUDiWhU,https://www.youtube.com/watch?v=MMS2fUDiWhU
96,16815,VaHyNUHcrfM,https://www.youtube.com/watch?v=VaHyNUHcrfM
97,16815,YR_MToGXxf0,https://www.youtube.com/watch?v=YR_MToGXxf0
98,16815,X2XdxPJnpNE,https://www.youtube.com/watch?v=X2XdxPJnpNE
99,16815,hik67bVvum0,https://www.youtube.com/watch?v=hik67bVvum0
100,23521,gEkku-1nOcI,https://www.youtube.com/watch?v=gEkku-1nOcI
101,23521,M407Rivxv7M,https://www.youtube.com/watch?v=M407Rivxv7M
102,23521,01-ZFvmSaAg,https://www.youtube.com/watch?v=01-ZFvmSaAg
103,23521,CLP19G1u46I,https://www.youtube.com/watch?v=CLP19G1u46I
104,23521,B6j2ajdVBvw,https://www.youtube.com/watch?v=B6j2ajdVBvw
105,23521,1tWIrhG9YGM,https://www.youtube.com/watch?v=1tWIrhG9YGM
106,23521,fxyKuY0kg70,https://www.youtube.com/watch?v=fxyKuY0kg70
107,23521,NG09-6fFrx4,https://www.youtube.com/watch?v=NG09-6fFrx4
108,23521,yvH0D4q3GqE,https://www.youtube.com/watch?v=yvH0D4q3GqE
109,23521,hqlLAM7xxOA,https://www.youtube.com/watch?v=hqlLAM7xxOA
110,23521,sN6iQyzguN4,https://www.youtube.com/watch?v=sN6iQyzguN4
111,23521,jAM0yUeBuyc,https://www.youtube.com/watch?v=jAM0yUeBuyc
112,23521,Pw7uBCZkJeU,https://www.youtube.com/watch?v=Pw7uBCZkJeU
113,23521,PXGNpj89Vxw,https://www.youtube.com/watch?v=PXGNpj89Vxw
114,23521,piGtNm1Ix7c,https://www.youtube.com/watch?v=piGtNm1Ix7c
115,23521,5cqUUh_2D9c,https://www.youtube.com/watch?v=5cqUUh_2D9c
116,23521,bBDF0QpJmjU,https://www.youtube.com/watch?v=bBDF0QpJmjU
117,23521,tvjy1uazW3A,https://www.youtube.com/watch?v=tvjy1uazW3A
118,23521,UbUDv76s0Lo,https://www.youtube.com/watch?v=UbUDv76s0Lo
119,23521,AUKdjwVlHfo,https://www.youtube.com/watch?v=AUKdjwVlHfo
120,40567,i2JWkDyg26A,https://www.youtube.com/watch?v=i2JWkDyg26A
121,40567,pK3vZljnAgY,https://www.youtube.com/watch?v=pK3vZljnAgY
122,40567,3gSyHyrFN2Y,https://www.youtube.com/watch?v=3gSyHyrFN2Y
123,40567,PAG4g1nFlNg,https://www.youtube.com/watch?v=PAG4g1nFlNg
124,40567,ysHXDXqi4mc,https://www.youtube.com/watch?v=ysHXDXqi4mc
125,40567,ydT9sLyhL1k,https://www.youtube.com/watch?v=ydT9sLyhL1k
126,40567,q-zvR4ibs8Q,https://www.youtube.com/watch?v=q-zvR4ibs8Q
127,40567,17Z9jQeteAA,https://www.youtube.com/watch?v=17Z9jQeteAA
128,40567,LReec2a4XeQ,https://www.youtube.com/watch?v=LReec2a4XeQ
129,40567,EdNdiSMepng,https://www.youtube.com/watch?v=EdNdiSMepng
130,40567,VKABsd7Ayn4,https://www.youtube.com/watch?v=VKABsd7Ayn4
131,40567,R2IpprucumU,https://www.youtube.com/watch?v=R2IpprucumU
132,40567,O6UjkyccfVM,https://www.youtube.com/watch?v=O6UjkyccfVM
133,40567,Q1ZOstti8Tg,https://www.youtube.com/watch?v=Q1ZOstti8Tg
134,40567,S15qByu-pNE,https://www.youtube.com/watch?v=S15qByu-pNE
135,40567,bQilMjXciTg,https://www.youtube.com/watch?v=bQilMjXciTg
136,40567,UdrJVNL19FU,https://www.youtube.com/watch?v=UdrJVNL19FU
137,40567,iJAI-cy2fZc,https://www.youtube.com/watch?v=iJAI-cy2fZc
138,40567,zlyrv-h97z8,https://www.youtube.com/watch?v=zlyrv-h97z8
139,40567,goqPhR4gW4Y,https://www.youtube.com/watch?v=goqPhR4gW4Y
140,44047,hVu3FIp9Jlc,https://www.youtube.com/watch?v=hVu3FIp9Jlc
141,44047,b21PQg4KOYg,https://www.youtube.com/watch?v=b21PQg4KOYg
142,44047,lakgaU32Now,https://www.youtube.com/watch?v=lakgaU32Now
143,44047,MbCAiWBhAjo,https://www.youtube.com/watch?v=MbCAiWBhAjo
144,44047,SIw714h5kx0,https://www.youtube.com/watch?v=SIw714h5kx0
145,44047,8IJJGK2td2c,https://www.youtube.com/watch?v=8IJJGK2td2c
146,44047,88QX6nH21fw,https://www.youtube.com/watch?v=88QX6nH21fw
147,44047,Cc0Yw8pnzlI,https://www.youtube.com/watch?v=Cc0Yw8pnzlI
148,44047,NkuUNUhmQSs,https://www.youtube.com/watch?v=NkuUNUhmQSs
149,44047,0Ll7VKyFReE,https://www.youtube.com/watch?v=0Ll7VKyFReE
150,44047,hxmu13bEQM8,https://www.youtube.com/watch?v=hxmu13bEQM8
151,44047,Hisg3dFKHIY,https://www.youtube.com/watch?v=Hisg3dFKHIY
152,44047,Q20OiGUM0ao,https://www.youtube.com/watch?v=Q20OiGUM0ao
153,44047,ur5JfhgJdYc,https://www.youtube.com/watch?v=ur5JfhgJdYc
154,44047,tv3PT3AjbKQ,https://www.youtube.com/watch?v=tv3PT3AjbKQ
155,44047,-pG_1DrOODE,https://www.youtube.com/watch?v=-pG_1DrOODE
156,44047,nlsHB3c3fCw,https://www.youtube.com/watch?v=nlsHB3c3fCw
157,44047,9YJpXkPC0JE,https://www.youtube.com/watch?v=9YJpXkPC0JE
158,44047,2H6X7tQWpv0,https://www.youtube.com/watch?v=2H6X7tQWpv0
159,44047,rVL1utZJfJ4,https://www.youtube.com/watch?v=rVL1utZJfJ4
160,44789,uDmUGdg40Hg,https://www.youtube.com/watch?v=uDmUGdg40Hg
161,44789,lpiT7_w5NdA,https://www.youtube.com/watch?v=lpiT7_w5NdA
162,44789,TvS1LkCqoSE,https://www.youtube.com/watch?v=TvS1LkCqoSE
163,44789,FKG7bgo4biE,https://www.youtube.com/watch?v=FKG7bgo4biE
164,44789,7gnM-MM8_34,https://www.youtube.com/watch?v=7gnM-MM8_34
165,44789,D2OJt4S6lwk,https://www.youtube.com/watch?v=D2OJt4S6lwk
166,44789,0x83li1Klkw,https://www.youtube.com/watch?v=0x83li1Klkw
167,44789,OiigBOhLfQs,https://www.youtube.com/watch?v=OiigBOhLfQs
168,44789,Zjj7trgKYNo,https://www.youtube.com/watch?v=Zjj7trgKYNo
169,44789,VuPALAnHjRM,https://www.youtube.com/watch?v=VuPALAnHjRM
170,44789,BGZmGzlGHbY,https://www.youtube.com/watch?v=BGZmGzlGHbY
171,44789,R0lQR2QZwjg,https://www.youtube.com/watch?v=R0lQR2QZwjg
172,44789,qiHp18HzLsU,https://www.youtube.com/watch?v=qiHp18HzLsU
173,44789,xc4zzy75UXg,https://www.youtube.com/watch?v=xc4zzy75UXg
174,44789,bKpcIpirKOs,https://www.youtube.com/watch?v=bKpcIpirKOs
175,44789,yaH0WOFpx7A,https://www.youtube.com/watch?v=yaH0WOFpx7A
176,44789,orkB0JlED8g,https://www.youtube.com/watch?v=orkB0JlED8g
177,44789,IT9wR21WzRE,https://www.youtube.com/watch?v=IT9wR21WzRE
178,44789,UiV5geQumHI,https://www.youtube.com/watch?v=UiV5geQumHI
179,44789,7SIiAxY4kgY,https://www.youtube.com/watch?v=7SIiAxY4kgY
180,53193,VsLsoCe8mhU,https://www.youtube.com/watch?v=VsLsoCe8mhU
181,53193,lFBp_aqV8k8,https://www.youtube.com/watch?v=lFBp_aqV8k8
182,53193,Z_J6Q4oAvLM,https://www.youtube.com/watch?v=Z_J6Q4oAvLM
183,53193,9LQ7UMAknwA,https://www.youtube.com/watch?v=9LQ7UMAknwA
184,53193,2qhBLFc5CqM,https://www.youtube.com/watch?v=2qhBLFc5CqM
185,53193,WIlIoCM2iJg,https://www.youtube.com/watch?v=WIlIoCM2iJg
186,53193,BSE9PiSw53Y,https://www.youtube.com/watch?v=BSE9PiSw53Y
187,53193,X8HxFpHIoVA,https://www.youtube.com/watch?v=X8HxFpHIoVA
188,53193,qsHacrTIXh4,https://www.youtube.com/watch?v=qsHacrTIXh4
189,53193,W3Qx6P7FtBc,https://www.youtube.com/watch?v=W3Qx6P7FtBc
190,53193,I1hAvTkEvPU,https://www.youtube.com/watch?v=I1hAvTkEvPU
191,53193,2Ao5b6uqI40,https://www.youtube.com/watch?v=2Ao5b6uqI40
192,53193,2IfW2leGdzQ,https://www.youtube.com/watch?v=2IfW2leGdzQ
193,53193,SmkU0l-yKMw,https://www.youtube.com/watch?v=SmkU0l-yKMw
194,53193,V4LftxagMlM,https://www.youtube.com/watch?v=V4LftxagMlM
195,53193,ejdn67zHuEY,https://www.youtube.com/watch?v=ejdn67zHuEY
196,53193,MJI1W5_lGeA,https://www.youtube.com/watch?v=MJI1W5_lGeA
197,53193,o_0DiKlwdy0,https://www.youtube.com/watch?v=o_0DiKlwdy0
198,53193,vrVQ_R84EGQ,https://www.youtube.com/watch?v=vrVQ_R84EGQ
199,53193,zA1WNWGCOx0,https://www.youtube.com/watch?v=zA1WNWGCOx0
200,59684,z_eJjvh4lvE,https://www.youtube.com/watch?v=z_eJjvh4lvE
201,59684,3NuTuw2yJGo,https://www.youtube.com/watch?v=3NuTuw2yJGo
202,59684,_GcHkT726qM,https://www.youtube.com/watch?v=_GcHkT726qM
203,59684,6cBZlk1fdIo,https://www.youtube.com/watch?v=6cBZlk1fdIo
204,59684,J9QuaXnEl7w,https://www.youtube.com/watch?v=J9QuaXnEl7w
205,59684,Kcq5MrzYwxs,https://www.youtube.com/watch?v=Kcq5MrzYwxs
206,59684,QloeeTbH7ao,https://www.youtube.com/watch?v=QloeeTbH7ao
207,59684,xvlxjTc9Qhw,https://www.youtube.com/watch?v=xvlxjTc9Qhw
208,59684,RTtBODrS32Y,https://www.youtube.com/watch?v=RTtBODrS32Y
209,59684,r_I4tWj_xgI,https://www.youtube.com/watch?v=r_I4tWj_xgI
210,59684,43HMxBw9x80,https://www.youtube.com/watch?v=43HMxBw9x80
211,59684,bTIQxX6MrHs,https://www.youtube.com/watch?v=bTIQxX6MrHs
212,59684,zBnP3Mvkcdc,https://www.youtube.com/watch?v=zBnP3Mvkcdc
213,59684,28jB3HoQkdQ,https://www.youtube.com/watch?v=28jB3HoQkdQ
214,59684,A6rIQfb-BoA,https://www.youtube.com/watch?v=A6rIQfb-BoA
215,59684,QVjNPIE9FlM,https://www.youtube.com/watch?v=QVjNPIE9FlM
216,59684,3FwULlpXayU,https://www.youtube.com/watch?v=3FwULlpXayU
217,59684,VCdLDsjQCQ0,https://www.youtube.com/watch?v=VCdLDsjQCQ0
218,59684,FyT1KDR7sFs,https://www.youtube.com/watch?v=FyT1KDR7sFs
219,59684,jidGn8sNzLw,https://www.youtube.com/watch?v=jidGn8sNzLw
220,71781,Fsosc3B0Agw,https://www.youtube.com/watch?v=Fsosc3B0Agw
221,71781,WlE_aXM9iz8,https://www.youtube.com/watch?v=WlE_aXM9iz8
222,71781,QrMR8Rbpqjc,https://www.youtube.com/watch?v=QrMR8Rbpqjc
223,71781,k5alqWUASM8,https://www.youtube.com/watch?v=k5alqWUASM8
224,71781,uNYHMuQae2U,https://www.youtube.com/watch?v=uNYHMuQae2U
225,71781,upqBZTmc-0A,https://www.youtube.com/watch?v=upqBZTmc-0A
226,71781,JDIuW3wXK7Y,https://www.youtube.com/watch?v=JDIuW3wXK7Y
227,71781,EA-DV0pzkWU,https://www.youtube.com/watch?v=EA-DV0pzkWU
228,71781,1VDvvF6pE54,https://www.youtube.com/watch?v=1VDvvF6pE54
229,71781,pcdS5m0HSw4,https://www.youtube.com/watch?v=pcdS5m0HSw4
230,71781,H4EWKvp85nA,https://www.youtube.com/watch?v=H4EWKvp85nA
231,71781,ZMUdhVj4rVk,https://www.youtube.com/watch?v=ZMUdhVj4rVk
232,71781,J6ZYt9Jv84s,https://www.youtube.com/watch?v=J6ZYt9Jv84s
233,71781,VS4zWF9hQpQ,https://www.youtube.com/watch?v=VS4zWF9hQpQ
234,71781,gx1zrdD27eE,https://www.youtube.com/watch?v=gx1zrdD27eE
235,71781,HGjG6MBKusQ,https://www.youtube.com/watch?v=HGjG6MBKusQ
236,71781,YScbuEQVJL8,https://www.youtube.com/watch?v=YScbuEQVJL8
237,71781,OcnIj8r-T1k,https://www.youtube.com/watch?v=OcnIj8r-T1k
238,71781,3hXSlsPRaLE,https://www.youtube.com/watch?v=3hXSlsPRaLE
239,71781,uf482GbeTC0,https://www.youtube.com/watch?v=uf482GbeTC0
240,76400,wLOiCszJr5I,https://www.youtube.com/watch?v=wLOiCszJr5I
241,76400,Z8mK-j-z-uc,https://www.youtube.com/watch?v=Z8mK-j-z-uc
242,76400,RKAEa59CZo4,https://www.youtube.com/watch?v=RKAEa59CZo4
243,76400,1rRgCcZxjUI,https://www.youtube.com/watch?v=1rRgCcZxjUI
244,76400,3zv8EjVGTPs,https://www.youtube.com/watch?v=3zv8EjVGTPs
245,76400,ceY1D3Eu-Ek,https://www.youtube.com/watch?v=ceY1D3Eu-Ek
246,76400,dY1ozgoVRqk,https://www.youtube.com/watch?v=dY1ozgoVRqk
247,76400,a8JKu4Pqe4E,https://www.youtube.com/watch?v=a8JKu4Pqe4E
248,76400,zfck95sWfPw,https://www.youtube.com/watch?v=zfck95sWfPw
249,76400,trEWCgSF9ow,https://www.youtube.com/watch?v=trEWCgSF9ow
250,76400,24tQQiYdpCI,https://www.youtube.com/watch?v=24tQQiYdpCI
251,76400,K1KFFzOlBks,https://www.youtube.com/watch?v=K1KFFzOlBks
252,76400,l0XnYQlm36E,https://www.youtube.com/watch?v=l0XnYQlm36E
253,76400,3kIs5YyLd_M,https://www.youtube.com/watch?v=3kIs5YyLd_M
254,76400,BA2kem-xkwc,https://www.youtube.com/watch?v=BA2kem-xkwc
255,76400,y8NDwiJG5Qk,https://www.youtube.com/watch?v=y8NDwiJG5Qk
256,76400,Y_sumhhfa30,https://www.youtube.com/watch?v=Y_sumhhfa30
257,76400,GWyDZVj9Xpc,https://www.youtube.com/watch?v=GWyDZVj9Xpc
258,76400,k5_89KhvpK4,https://www.youtube.com/watch?v=k5_89KhvpK4
259,76400,U8WsB25zQR0,https://www.youtube.com/watch?v=U8WsB25zQR0
260,77721,nZzbNnaR7Wc,https://www.youtube.com/watch?v=nZzbNnaR7Wc
261,77721,TNir6MEUPQw,https://www.youtube.com/watch?v=TNir6MEUPQw
262,77721,cActFheaw4w,https://www.youtube.com/watch?v=cActFheaw4w
263,77721,K2nsKDgayKY,https://www.youtube.com/watch?v=K2nsKDgayKY
264,77721,lyxvMk0dNC0,https://www.youtube.com/watch?v=lyxvMk0dNC0
265,77721,9PTUZmGniZY,https://www.youtube.com/watch?v=9PTUZmGniZY
266,77721,ovAhBUHfXKw,https://www.youtube.com/watch?v=ovAhBUHfXKw
267,77721,kdcLvPPWvYA,https://www.youtube.com/watch?v=kdcLvPPWvYA
268,77721,GasUDZrpDgE,https://www.youtube.com/watch?v=GasUDZrpDgE
269,77721,AIcdq28yfG4,https://www.youtube.com/watch?v=AIcdq28yfG4
270,77721,Ffzqo4d2L9s,https://www.youtube.com/watch?v=Ffzqo4d2L9s
271,77721,DdNYVQcg8F4,https://www.youtube.com/watch?v=DdNYVQcg8F4
272,77721,XCqLDGk7bwc,https://www.youtube.com/watch?v=XCqLDGk7bwc
273,77721,TVyqglxYaZE,https://www.youtube.com/watch?v=TVyqglxYaZE
274,77721,LFbRpoyDnzE,https://www.youtube.com/watch?v=LFbRpoyDnzE
275,77721,VXMO6HycHUk,https://www.youtube.com/watch?v=VXMO6HycHUk
276,77721,hnUx5hhih3E,https://www.youtube.com/watch?v=hnUx5hhih3E
277,77721,o2lWTB7A9RU,https://www.youtube.com/watch?v=o2lWTB7A9RU
278,77721,jo4G8Sdrc4Q,https://www.youtube.com/watch?v=jo4G8Sdrc4Q
279,77721,qzlu4Gc6rbI,https://www.youtube.com/watch?v=qzlu4Gc6rbI
280,87706,Fyvnx0gl2NA,https://www.youtube.com/watch?v=Fyvnx0gl2NA
281,87706,2IbsZqlhuDs,https://www.youtube.com/watch?v=2IbsZqlhuDs
282,87706,zJd_FdhOtFM,https://www.youtube.com/watch?v=zJd_FdhOtFM
283,87706,LYhvw4M2IXo,https://www.youtube.com/watch?v=LYhvw4M2IXo
284,87706,akCIlGT0q9o,https://www.youtube.com/watch?v=akCIlGT0q9o
285,87706,xJnqDOr-Wv8,https://www.youtube.com/watch?v=xJnqDOr-Wv8
286,87706,JBpurJxhkiI,https://www.youtube.com/watch?v=JBpurJxhkiI
287,87706,_pWW4Jig8Tc,https://www.youtube.com/watch?v=_pWW4Jig8Tc
288,87706,Y5raqjVvl40,https://www.youtube.com/watch?v=Y5raqjVvl40
289,87706,IOqJwH7SNMo,https://www.youtube.com/watch?v=IOqJwH7SNMo
290,87706,F56rtGvAWvI,https://www.youtube.com/watch?v=F56rtGvAWvI
291,87706,dUhVp1gpbLE,https://www.youtube.com/watch?v=dUhVp1gpbLE
292,87706,hcDbgHeBvJg,https://www.youtube.com/watch?v=hcDbgHeBvJg
293,87706,2DBvWJmg7Sk,https://www.youtube.com/watch?v=2DBvWJmg7Sk
294,87706,Gy3MURE_2Jw,https://www.youtube.com/watch?v=Gy3MURE_2Jw
295,87706,jN6kowC-w0o,https://www.youtube.com/watch?v=jN6kowC-w0o
296,87706,Ymd_lVa1T8g,https://www.youtube.com/watch?v=Ymd_lVa1T8g
297,87706,xF9T3AkqLic,https://www.youtube.com/watch?v=xF9T3AkqLic
298,87706,wL9Bf8Kak9A,https://www.youtube.com/watch?v=wL9Bf8Kak9A
299,87706,PeCA5gMa3dc,https://www.youtube.com/watch?v=PeCA5gMa3dc
300,91515,hlWktQ_sHcY,https://www.youtube.com/watch?v=hlWktQ_sHcY
301,91515,ziJGhpSwNlc,https://www.youtube.com/watch?v=ziJGhpSwNlc
302,91515,FLd00Bx4tOk,https://www.youtube.com/watch?v=FLd00Bx4tOk
303,91515,YQtnB14lHE4,https://www.youtube.com/watch?v=YQtnB14lHE4
304,91515,d3Bus1Me_B4,https://www.youtube.com/watch?v=d3Bus1Me_B4
305,91515,Kez9B1ww8-Y,https://www.youtube.com/watch?v=Kez9B1ww8-Y
306,91515,1D2ODXSMis8,https://www.youtube.com/watch?v=1D2ODXSMis8
307,91515,jhKDSmC8du8,https://www.youtube.com/watch?v=jhKDSmC8du8
308,91515,LBuL5UIRTMc,https://www.youtube.com/watch?v=LBuL5UIRTMc
309,91515,5jGVJ2IXXrk,https://www.youtube.com/watch?v=5jGVJ2IXXrk
310,91515,bOJQE4xSfqU,https://www.youtube.com/watch?v=bOJQE4xSfqU
311,91515,96ePpBIYucw,https://www.youtube.com/watch?v=96ePpBIYucw
312,91515,LKOTDWw7gz8,https://www.youtube.com/watch?v=LKOTDWw7gz8
313,91515,GCqVVmfyDR4,https://www.youtube.com/watch?v=GCqVVmfyDR4
314,91515,00EXA31EVO8,https://www.youtube.com/watch?v=00EXA31EVO8
315,91515,LuZXa72mEsg,https://www.youtube.com/watch?v=LuZXa72mEsg
316,91515,AUZHZ3PH6vM,https://www.youtube.com/watch?v=AUZHZ3PH6vM
317,91515,d6OjOLtrxuI,https://www.youtube.com/watch?v=d6OjOLtrxuI
318,91515,BATQfDFcQMo,https://www.youtube.com/watch?v=BATQfDFcQMo
319,91515,_Ek1NK1bedE,https://www.youtube.com/watch?v=_Ek1NK1bedE
320,94276,JU06owY7128,https://www.youtube.com/watch?v=JU06owY7128
321,94276,sHnsHFHSDaM,https://www.youtube.com/watch?v=sHnsHFHSDaM
322,94276,f5U9GaInuxQ,https://www.youtube.com/watch?v=f5U9GaInuxQ
323,94276,TgbaA5_HVDE,https://www.youtube.com/watch?v=TgbaA5_HVDE
324,94276,ZVkKZBaeWM4,https://www.youtube.com/watch?v=ZVkKZBaeWM4
325,94276,B59XlosKXwM,https://www.youtube.com/watch?v=B59XlosKXwM
326,94276,l5YNrb7Ng3Y,https://www.youtube.com/watch?v=l5YNrb7Ng3Y
327,94276,TF1CaU_muOA,https://www.youtube.com/watch?v=TF1CaU_muOA
328,94276,9XKYoe7BGgI,https://www.youtube.com/watch?v=9XKYoe7BGgI
329,94276,3RY1-fHJym8,https://www.youtube.com/watch?v=3RY1-fHJym8
330,94276,F081F0NFGJY,https://www.youtube.com/watch?v=F081F0NFGJY
331,94276,Cnm3vorDXIQ,https://www.youtube.com/watch?v=Cnm3vorDXIQ
332,94276,rstrOXxvy4s,https://www.youtube.com/watch?v=rstrOXxvy4s
333,94276,HmDSpSE_dRc,https://www.youtube.com/watch?v=HmDSpSE_dRc
334,94276,7p75OXKrBbU,https://www.youtube.com/watch?v=7p75OXKrBbU
335,94276,NS4yqgNjl9Y,https://www.youtube.com/watch?v=NS4yqgNjl9Y
336,94276,Rxk_ot88l0M,https://www.youtube.com/watch?v=Rxk_ot88l0M
337,94276,E5HA-ZsDdMg,https://www.youtube.com/watch?v=E5HA-ZsDdMg
338,94276,lacs_y6OIh4,https://www.youtube.com/watch?v=lacs_y6OIh4
339,94276,V3VGxebDcuY,https://www.youtube.com/watch?v=V3VGxebDcuY
340,95603,LySFpLAiYRg,https://www.youtube.com/watch?v=LySFpLAiYRg
341,95603,ih50eesaJLM,https://www.youtube.com/watch?v=ih50eesaJLM
342,95603,YTRXoPMeito,https://www.youtube.com/watch?v=YTRXoPMeito
343,95603,93Qve5SVwp0,https://www.youtube.com/watch?v=93Qve5SVwp0
344,95603,IRzKnaDcyTQ,https://www.youtube.com/watch?v=IRzKnaDcyTQ
345,95603,L_gMua8pJq8,https://www.youtube.com/watch?v=L_gMua8pJq8
346,95603,aDmbFHL1FYY,https://www.youtube.com/watch?v=aDmbFHL1FYY
347,95603,2Fwm_1N6TQQ,https://www.youtube.com/watch?v=2Fwm_1N6TQQ
348,95603,q5Ob6Be4nFo,https://www.youtube.com/watch?v=q5Ob6Be4nFo
349,95603,dmRvTRaTGYA,https://www.youtube.com/watch?v=dmRvTRaTGYA
350,95603,BEOuxZgXKl4,https://www.youtube.com/watch?v=BEOuxZgXKl4
351,95603,gRuu61nkOLM,https://www.youtube.com/watch?v=gRuu61nkOLM
352,95603,3bBtY08wMyg,https://www.youtube.com/watch?v=3bBtY08wMyg
353,95603,7uXtlI6vH9g,https://www.youtube.com/watch?v=7uXtlI6vH9g
354,95603,Glk5tKfFUnc,https://www.youtube.com/watch?v=Glk5tKfFUnc
355,95603,EjqPJp8dc2Y,https://www.youtube.com/watch?v=EjqPJp8dc2Y
356,95603,AxwxLNE_qLA,https://www.youtube.com/watch?v=AxwxLNE_qLA
357,95603,nBY5zp_Ebeg,https://www.youtube.com/watch?v=nBY5zp_Ebeg
358,95603,A0eDoZ8cwhg,https://www.youtube.com/watch?v=A0eDoZ8cwhg
359,95603,NrLU_sCrVXg,https://www.youtube.com/watch?v=NrLU_sCrVXg
